model,state,round,calls,ns,instructions,sink
0,0,0,10000,2664000,39826065,0
0,0,1,10000,2660000,39825957,0
0,0,2,10000,2675000,39825957,0
0,0,3,10000,2669000,39830845,0
0,0,4,10000,2661000,39825957,0
0,0,5,10000,2662000,39825957,0
0,0,6,10000,2665000,39830820,0
0,0,7,10000,2662000,39825957,0
0,0,8,10000,2661000,39825932,0
0,1,0,10000,2657000,39825932,29887276
0,1,1,10000,2667000,39834363,59774552
0,1,2,10000,2656000,39825957,89661828
0,1,3,10000,2657000,39825932,119549104
0,1,4,10000,2658000,39825957,149436380
0,1,5,10000,2659000,39830845,179323656
0,1,6,10000,2655000,39825957,209210932
0,1,7,10000,2657000,39825957,239098208
0,1,8,10000,2660000,39830906,268985484
1,0,0,10000,4558000,47892436,268985484
1,0,1,10000,4551000,47885957,268985484
1,0,2,10000,4558000,47890845,268985484
1,0,3,10000,4562000,47889914,268985484
1,0,4,10000,4556000,47890820,268985484
1,0,5,10000,4557000,47889274,268985484
1,0,6,10000,4557000,47890820,268985484
1,0,7,10000,4555000,47885932,268985484
1,0,8,10000,4557000,47890845,268985484
1,1,0,10000,5400000,48160348,268974990
1,1,1,10000,5396000,48165236,268964496
1,1,2,10000,5405000,48160348,268954002
1,1,3,10000,5389000,48165211,268943508
1,1,4,10000,5389000,48163665,268933014
1,1,5,10000,5391000,48165211,268922520
1,1,6,10000,5393000,48165236,268912026
1,1,7,10000,5395000,48160348,268901532
1,1,8,10000,5391000,48165236,268891038
