record,case,method,round,repetitions,elapsed_ns,instructions
case,minimal,wire=6599,motion=0,banks=0,scenes=0,rows=0,native=2912662885,upstream=3704494707
batch,minimal,native,0,1000,129341000,498986433
batch,minimal,upstream,0,1000,11641000,57007508
batch,minimal,upstream,1,1000,11467000,56954296
batch,minimal,native,1,1000,128698000,499068186
batch,minimal,native,2,1000,129044000,498886132
batch,minimal,upstream,2,1000,11526000,56955432
batch,minimal,upstream,3,1000,11640000,56979064
batch,minimal,native,3,1000,128759000,498819560
batch,minimal,native,4,1000,128502000,498948472
batch,minimal,upstream,4,1000,11564000,56952932
batch,minimal,upstream,5,1000,11630000,56987892
batch,minimal,native,5,1000,128813000,498968714
batch,minimal,native,6,1000,128441000,498830199
batch,minimal,upstream,6,1000,11776000,56989325
batch,minimal,upstream,7,1000,11778000,56958180
batch,minimal,native,7,1000,129260000,499052991
batch,minimal,native,8,1000,128455000,498993220
batch,minimal,upstream,8,1000,11685000,56987447
case,fixture-maximal56,wire=7665,motion=56,banks=4,scenes=16,rows=16,native=1095996264,upstream=688357427
batch,fixture-maximal56,native,0,1000,149409000,599057037
batch,fixture-maximal56,upstream,0,1000,11672000,56983369
batch,fixture-maximal56,upstream,1,1000,11488000,56954182
batch,fixture-maximal56,native,1,1000,149842000,599196694
batch,fixture-maximal56,native,2,1000,149044000,599350394
batch,fixture-maximal56,upstream,2,1000,11505000,56970547
batch,fixture-maximal56,upstream,3,1000,11782000,57007357
batch,fixture-maximal56,native,3,1000,148916000,599074854
batch,fixture-maximal56,native,4,1000,149753000,599164664
batch,fixture-maximal56,upstream,4,1000,11482000,56967382
batch,fixture-maximal56,upstream,5,1000,11807000,57068996
batch,fixture-maximal56,native,5,1000,149111000,599356075
batch,fixture-maximal56,native,6,1000,149286000,599032817
batch,fixture-maximal56,upstream,6,1000,11642000,56956687
batch,fixture-maximal56,upstream,7,1000,11696000,56981049
batch,fixture-maximal56,native,7,1000,149147000,599042067
batch,fixture-maximal56,native,8,1000,149813000,599534475
batch,fixture-maximal56,upstream,8,1000,11694000,56956112
case,maximal64,wire=7705,motion=64,banks=4,scenes=16,rows=16,native=2386262458,upstream=910751259
batch,maximal64,native,0,1000,150285000,610859755
batch,maximal64,upstream,0,1000,11690000,56972343
batch,maximal64,upstream,1,1000,11670000,56962063
batch,maximal64,native,1,1000,151312000,610843182
batch,maximal64,native,2,1000,150272000,611119095
batch,maximal64,upstream,2,1000,11527000,56981980
batch,maximal64,upstream,3,1000,11530000,56975436
batch,maximal64,native,3,1000,150699000,610770943
batch,maximal64,native,4,1000,150406000,610809737
batch,maximal64,upstream,4,1000,11781000,57008545
batch,maximal64,upstream,5,1000,11801000,57022835
batch,maximal64,native,5,1000,149689000,611041571
batch,maximal64,native,6,1000,150992000,610868215
batch,maximal64,upstream,6,1000,11698000,56964620
batch,maximal64,upstream,7,1000,11681000,56956866
batch,maximal64,native,7,1000,150673000,610857683
batch,maximal64,native,8,1000,150983000,611085440
batch,maximal64,upstream,8,1000,11703000,56987355
stored_base_same,1
case,maximal64-stored-base,wire=7705,motion=64,banks=4,scenes=16,rows=16,native=2386262458,upstream=910751259
batch,maximal64-stored-base,native,0,1000,150879000,610865990
batch,maximal64-stored-base,upstream,0,1000,11632000,56969306
batch,maximal64-stored-base,upstream,1,1000,11683000,56962327
batch,maximal64-stored-base,native,1,1000,150662000,610905527
batch,maximal64-stored-base,native,2,1000,151932000,611127255
batch,maximal64-stored-base,upstream,2,1000,11963000,56982743
batch,maximal64-stored-base,upstream,3,1000,11973000,57006137
batch,maximal64-stored-base,native,3,1000,151711000,611084737
batch,maximal64-stored-base,native,4,1000,150393000,610866365
batch,maximal64-stored-base,upstream,4,1000,11704000,56984122
batch,maximal64-stored-base,upstream,5,1000,11888000,57023618
batch,maximal64-stored-base,native,5,1000,149644000,611033223
batch,maximal64-stored-base,native,6,1000,150891000,610829627
batch,maximal64-stored-base,upstream,6,1000,11715000,56960956
batch,maximal64-stored-base,upstream,7,1000,11734000,56981570
batch,maximal64-stored-base,native,7,1000,150845000,610887661
batch,maximal64-stored-base,native,8,1000,150858000,611137140
batch,maximal64-stored-base,upstream,8,1000,11460000,56991482
stored_base_change,1
end
